home_seshat_region,century,f0,f0_min,f0_max,f1,f2,f>2
Afghanistan,1000,38.055522707206705,6.487112536804837,180.20821045199824,8,2,8
Afghanistan,1100,13.06096630400735,2.1564946380428585,62.3410707623873,4,0,1
Afghanistan,1200,7.421354572731962,1.231419368194278,35.700810758325744,2,0,1
Afghanistan,1700,31.517609434324164,5.989796498354625,145.41949785764206,4,0,0
Anatolia-Caucasus,-500,20.15429123991202,2.2624419495989745,139.63038707216228,3,0,0
Anatolia-Caucasus,-300,52.20394702918607,22.201451547560293,118.14541098538254,8,0,0
Anatolia-Caucasus,-200,39.69463312791645,17.901008304666526,85.49790732149565,5,0,2
Anatolia-Caucasus,-100,3.824009144165824,1.8183316925787507,7.723464134927388,1,0,0
Anatolia-Caucasus,0,4.727016634376351,2.422996481079546,8.956571180235818,1,0,0
Anatolia-Caucasus,100,32.14958264503605,18.045320735675638,55.828800729981964,7,3,1
Anatolia-Caucasus,200,20.116085660924583,11.798167452744087,33.50117290835003,7,0,1
Anatolia-Caucasus,300,98.82388198117613,60.86947414499826,156.92704575392338,43,7,24
Anatolia-Caucasus,400,84.66002423651638,53.9716738154306,130.17954251138804,36,9,17
Anatolia-Caucasus,500,96.13094331872489,57.91732886715013,155.97012653944554,35,7,9
Anatolia-Caucasus,600,90.96058504069016,57.88134421084605,140.75788316098797,19,6,8
Anatolia-Caucasus,700,31.18342948468902,19.80770620987279,48.55405439371977,5,0,4
Anatolia-Caucasus,800,62.82598855819324,38.9237237820472,100.49930269941581,6,1,5
Anatolia-Caucasus,900,95.07518766063343,62.63729305470759,143.05555428449105,13,2,2
Anatolia-Caucasus,1000,101.90800435131031,68.13479887138693,150.75908010947043,21,2,1
Anatolia-Caucasus,1100,113.87931436518774,78.186799555347,164.2175054804214,25,4,6
Anatolia-Caucasus,1200,73.75416981630754,50.92327169956873,105.8924937402494,12,4,4
Anatolia-Caucasus,1300,24.038987197801756,16.645521983889015,34.4903653636067,4,0,0
Anatolia-Caucasus,1400,460.84198600355353,332.401814399807,636.2284495428395,68,3,2
Anatolia-Caucasus,1500,1605.3069128458476,1178.7084974946454,2179.0359846944216,175,8,16
Anatolia-Caucasus,1600,2606.178924431459,1921.0141378924263,3527.8864508807983,205,8,15
Anatolia-Caucasus,1700,3002.6976332745835,2184.726640437954,4115.363532077301,240,8,9
Arabia,500,2.7995892435909604,0.6285498064562057,10.441663668873662,1,0,0
Arabia,600,111.10763220708164,28.803547678277425,384.2549374595416,21,0,6
Arabia,700,25.793145214996304,6.96629665795888,88.5433070295042,3,0,0
Arabia,900,6.95017429378101,1.801040727586623,24.426980344895107,1,0,1
Arabia,1200,5.190873669794171,1.3034295455849294,18.412005180076648,0,1,0
Arabia,1300,16.8720899087391,4.300639540068812,59.39351275258918,3,0,0
Arabia,1400,28.81852988200908,7.585688586148999,100.14069123346125,4,0,2
Arabia,1500,42.5464287281639,11.371738303713048,147.19371466887253,4,1,0
Arabia,1600,14.917118130813073,4.167034960163557,50.86758993957109,1,0,1
Arabia,1700,44.562308052321015,12.44299796279988,151.99317755198604,2,1,1
Central Europe,800,14.129888999412843,9.981325945956112,19.930716806118877,1,0,0
Central Europe,900,102.31637544005275,73.39482614376854,142.1800912962859,8,1,2
Central Europe,1000,260.531921285422,186.6976451567029,362.11215205540884,26,1,4
Central Europe,1100,257.29470919307846,194.82798686528378,338.7683275042152,26,4,11
Central Europe,1200,960.9439172825647,730.7820313600755,1260.8999321278588,86,6,31
Central Europe,1300,1417.861772533118,1103.1052243685454,1820.3011848234628,122,10,21
Central Europe,1400,3587.246923693923,2906.6083893774876,4425.157614969269,253,13,47
Central Europe,1500,28981.189559486273,23881.431211808627,35198.29241433257,1436,36,134
Central Europe,1600,74892.50146901049,62149.99362174892,90344.45500367906,2620,49,126
Central Europe,1700,119461.46517349579,98048.64054301841,145728.99010654003,4531,90,218
East Coast,1700,849.1144463300155,101.63141105460068,6328.042948791478,40,1,5
Eastern Europe,1100,7.565545713377912,3.224020035111196,17.139825517499066,1,0,1
Eastern Europe,1400,7.906598308054103,3.164306786154677,18.610836798079,2,0,1
Eastern Europe,1500,317.2796693812846,142.28974881593422,697.0111705421413,17,0,1
Eastern Europe,1600,1947.253379683094,886.6492891673216,4226.397216924771,80,1,7
Eastern Europe,1700,3271.4853553934545,1480.4902569676015,7127.483782330304,161,6,19
Eastern South Asia,900,0.6919260100984954,0.0833272786283728,3.783059514192916,0,1,0
Eastern South Asia,1000,0.42993772793999774,0.04640371999010035,2.54531948594589,1,0,1
Eastern South Asia,1100,0.8289233864391125,0.08915872737237952,4.924729331906983,2,0,0
Eastern South Asia,1200,0.0,0.0,0.0,0,0,1
Eastern South Asia,1300,0.6099226661589805,0.07163486191517557,3.391345553227746,1,0,0
Eastern South Asia,1400,0.6724689824078489,0.08126506912470834,3.668055463141481,1,0,1
Eastern South Asia,1500,2.1768644175720784,0.2986926889855941,11.00258784992216,0,2,1
Eastern South Asia,1700,1.1499578920597016,0.15904510903866814,5.793083340414541,1,0,1
Iran,-500,113.07327206445615,24.341752335994055,529.8319007113889,12,2,3
Iran,-400,145.8942021162695,49.35407827529837,414.1450902922557,17,1,1
Iran,-300,122.79166989072243,52.31138158304623,280.24910204812863,11,1,0
Iran,-200,68.14789098887654,30.02166137324518,151.09472472087305,6,0,0
Iran,-100,19.752430267899747,9.60663357639978,39.78248152653295,2,0,0
Iran,100,5.164518949877113,2.57011529722678,10.069322094494467,0,1,0
Iran,200,0.0,0.0,0.0,0,0,1
Iran,300,0.0,0.0,0.0,0,0,1
Iran,500,14.43696131857157,7.450552856028609,27.07357296460049,4,0,1
Iran,600,132.5332073973717,73.30399942696904,235.3001029945173,20,0,2
Iran,700,15.02956517717929,8.293333764429473,26.964228166693374,1,0,0
Iran,800,9.532573861746283,5.694021329181378,15.786545875231312,1,0,0
Iran,900,100.59653560296846,60.99862816501021,164.27036192133218,13,1,5
Iran,1000,311.9808453879687,191.87633069461404,500.69270846529076,45,5,24
Iran,1100,575.8660581149323,362.0381180294174,904.704005795557,94,4,18
Iran,1200,92.20453851785605,57.94128616804774,144.9695152904162,14,1,3
Iran,1300,277.3983207434304,170.815670228861,445.38525593015083,32,5,5
Iran,1400,115.96339967923664,71.56434337520497,186.38054278438344,12,2,1
Iran,1500,574.0645054132088,358.86786636112924,911.8026926676121,46,1,5
Iran,1600,1283.7692210315852,813.5287445694547,2015.5959753986579,71,1,9
Iran,1700,443.25590671098564,279.0708713013847,700.3731146811878,26,0,1
Levant,-100,0.0,0.0,0.0,0,0,1
Levant,500,6.087505099494032,1.5201061597296572,21.90898205633743,1,0,0
Levant,600,117.24966444701093,33.93831316588096,383.4157839991708,10,0,6
Levant,700,1148.0193528768878,339.3193638235318,3721.8411717409977,72,2,17
Levant,800,66.93569384538073,19.75769239278552,217.7849715242936,3,1,0
Levant,1100,8.828568627024346,2.311764015105912,31.15814792619859,1,0,2
Levant,1200,26.94952872259982,7.390159002431989,93.1722199657959,2,0,0
Maghreb,-400,4.696228971047921,1.0463184924588982,18.26039249726754,1,0,0
Maghreb,-200,7.13574594532821,2.7610292486560635,17.624411774706505,1,0,1
Maghreb,400,2.056389137699355,0.7890377866098556,4.921765570759116,1,0,0
Maghreb,500,2.3386739224907314,0.9012155040363504,5.5970885164753605,1,0,1
Maghreb,600,3.3408091429627005,1.3739492837873102,7.641744488667351,1,0,1
Maghreb,800,7.419623245633324,3.3274394963949345,16.03137740183862,1,0,0
Maghreb,900,12.95874924038091,5.952851100832959,27.30902202522337,2,0,0
Maghreb,1000,8.782327393487364,4.060354461271344,18.245909506984333,2,0,2
Maghreb,1100,145.91176842961812,68.91269804140046,297.13813158634446,32,4,9
Maghreb,1200,159.3845327278944,75.98395236946544,321.96912568718966,34,3,6
Maghreb,1300,41.06198120141555,19.546913352684097,83.35928520162467,6,2,1
Maghreb,1400,18.57571467701853,8.875011317719814,37.72689189197419,2,1,3
Maghreb,1500,89.82214239643758,43.39349356043091,181.78017661554253,10,0,0
Maghreb,1600,148.86377969190613,73.01896693003953,298.38886517733,12,0,1
Mesopotamia,700,161.45030724472824,97.1495198958539,264.35091837100606,25,3,8
Mesopotamia,800,782.8145150410523,480.58062728976773,1258.2028147528251,127,9,39
Mesopotamia,900,339.6793145814314,205.88622886260873,551.0534433366627,68,9,29
Mesopotamia,1200,78.67205013594618,43.42072190377566,138.5842088679523,22,2,5
Mesopotamia,1300,8.43383285297233,4.598872982356346,15.033465580850015,3,0,0
Mongolia,0,5.077902155938457,1.718052810898727,13.956939064071085,1,0,0
Mongolia,400,2.333932413644784,0.777012486370918,6.303944103411741,1,0,0
Mongolia,500,2.551209652659396,0.8527931075770084,6.890473257028382,1,0,0
Mongolia,600,6.8356286504908175,2.542027445034119,17.47408119419246,1,0,0
Mongolia,800,8.652790272094952,3.413972727350297,21.110419545779955,1,0,0
Mongolia,900,19.083309801057386,7.5880893903395314,45.83092958206047,3,0,0
Mongolia,1000,4.571863213475734,1.787811569455219,11.031713367100345,1,0,0
Mongolia,1100,4.478883831710092,1.7821738643960294,10.636577030573346,1,0,0
Mongolia,1200,229.74487531021427,96.21621463835311,523.9003250771293,42,2,8
Mongolia,1300,148.218393100402,62.026782947772375,338.58827854422134,23,5,1
Mongolia,1400,6.308996668684002,2.6606175165629535,14.364439809420308,1,0,0
North China,-500,21.95446892811303,4.242927801633874,109.06400931356987,3,0,1
North China,-400,26.77165683792328,9.202058944201124,75.16625496673684,4,0,0
North China,-300,29.565549799540403,13.48182790566726,63.260786164582825,3,0,0
North China,-200,85.88809099076653,41.428273008200065,174.85491331487353,7,2,4
North China,-100,59.75955561648293,32.27146966611721,108.86230620801312,6,1,6
North China,0,36.03172312757733,19.346981132776072,65.55781333045702,4,3,2
North China,100,27.083424929852484,16.163134483289312,44.53236202463718,5,2,5
North China,200,85.15249507554209,49.9373885641515,142.00008568989458,24,2,16
North China,300,28.993835058603096,16.945618934379404,48.375420123171445,8,3,6
North China,400,24.61634883755986,14.347609523489329,41.14951291601411,8,2,0
North China,500,25.92655982689469,14.920027214900042,43.984766324510595,7,2,4
North China,600,382.15250860462476,263.84086200674847,549.6848228651348,64,3,44
North China,700,2324.040501458434,1669.1226835069226,3220.807067120831,252,14,125
North China,800,3116.473989165113,2291.2580331684812,4223.064479479857,331,15,114
North China,900,852.1679290854811,630.4012033574343,1147.004651975296,112,10,30
North China,1000,327.54990144218124,228.9883157565591,465.010123912432,60,0,6
North China,1100,5.0384105725195605,3.6371458432498813,6.932320261346187,1,0,0
North China,1200,33.432353226146276,24.33123392331914,45.66056395666971,6,0,1
North China,1300,776.7099095647573,572.3644429890877,1049.1935908773428,121,8,31
North China,1400,663.639841946463,499.64362894638407,878.2025307640502,88,5,17
North China,1500,1352.8226329819383,1018.9925340747274,1791.2705147752579,133,5,34
North China,1600,3392.209004238824,2577.218548840119,4456.670474607697,214,14,46
North China,1700,5224.845190224773,3943.81229297936,6907.690062280167,364,14,54
North India,-500,14.650756135419671,2.168228449811539,83.29809552315048,4,1,1
North India,-400,2.6616988118520855,0.6653305116337427,9.1003008818223,1,0,0
North India,-300,3.938845900347897,1.406867435577593,10.229214289870189,1,0,2
North India,-200,4.063078491366114,1.4811494473475613,10.380142476287508,1,0,0
North India,-100,3.1573100067019504,1.2974557402974585,7.215484142010492,1,0,0
North India,500,1.212038081669975,0.47363826759632205,2.8263810740993476,0,1,1
North India,600,7.335738992100445,3.3385384740597894,15.25577872812763,2,1,2
North India,700,9.758708512919407,4.523514272100895,20.096525662610308,3,0,0
North India,800,3.919679553065823,1.822436727794631,8.081270893569966,1,0,0
North India,900,0.0,0.0,0.0,0,0,1
North India,1000,2.2258644959556704,1.0289680726735315,4.557881289259367,1,0,1
North India,1100,0.0,0.0,0.0,0,0,1
North India,1200,19.930541313098054,9.645508780118938,39.219724475426354,7,2,1
North India,1300,15.326482179652112,7.551589111289932,29.76488133214979,6,0,2
North India,1400,12.56031149997425,6.336905552736331,23.97271446332081,4,0,2
North India,1500,90.9325329513567,47.24596090086392,170.59322722707375,15,2,7
North India,1600,338.47410227451746,179.25734272691577,625.463008561387,50,2,11
North India,1700,257.8171073353145,136.08229298199066,477.6841492378707,37,4,7
Northeast Africa,-400,3.1373912604435024,0.9250276648149752,9.476053480060314,1,0,0
Northeast Africa,-300,127.73073164975062,54.451315098987635,285.3907782023862,29,1,3
Northeast Africa,-200,36.50241501631253,15.848646859415735,80.41277133140353,7,1,4
Northeast Africa,-100,18.360129775727813,8.832136305289755,36.68523723456039,5,0,0
Northeast Africa,900,28.71151516329846,16.795425680989137,47.953766788649126,8,1,1
Northeast Africa,1000,42.86059886257227,24.865708823215417,71.93751011612864,14,3,4
Northeast Africa,1100,34.992827456164626,21.306842316699214,56.176366761523205,13,2,2
Northeast Africa,1200,180.51593347888635,112.28896711252534,284.55057216341055,60,7,23
Northeast Africa,1300,120.48376115607171,75.44442936970286,188.91321930484554,34,6,26
Northeast Africa,1400,134.61699302214163,84.46704483136187,211.06974932312482,29,7,12
Northeast Africa,1500,85.13227590932472,52.83654090924618,135.24381045434646,15,2,5
Northeast Africa,1600,6.47518564550088,4.089871664254829,10.135448551105707,1,0,0
Northeast Asia,600,38.774283599711296,23.213995597477705,63.599372521290896,9,0,0
Northeast Asia,700,190.64259470012246,115.2496357132794,310.9737849974408,28,3,0
Northeast Asia,800,92.39428525355162,58.18663349944036,145.0542056749541,14,1,2
Northeast Asia,900,223.16641866613247,144.89695431761083,339.55888944351136,45,2,3
Northeast Asia,1000,125.39506234493979,80.1183936488455,193.469073220303,30,3,2
Northeast Asia,1100,70.32672736011975,45.3541278189259,107.78894046751958,22,1,2
Northeast Asia,1200,141.87411090455933,93.18267533412626,213.38020977834663,35,5,10
Northeast Asia,1300,113.1626482884527,74.8157780667633,169.21641870081504,23,2,4
Northeast Asia,1400,215.33439100986104,144.19552370199503,318.619634976159,37,4,8
Northeast Asia,1500,382.13054410848815,259.2296050161579,559.1783350371796,49,5,1
Northeast Asia,1600,553.6919099714655,374.5891395992066,814.9598460782905,51,1,13
Northeast Asia,1700,1202.0376457695404,810.7862348307699,1772.3880549138894,113,12,23
Northern Europe,800,8.721591190119272,5.597185957331378,13.473701265055299,1,0,0
Northern Europe,900,63.321578750051856,41.22390645264367,96.35812810429852,7,2,0
Northern Europe,1000,85.14692260992769,55.032779470715155,130.27130614213385,15,0,1
Northern Europe,1100,32.68689327560479,21.619809066042965,48.99416427610169,6,1,0
Northern Europe,1200,67.77700484151957,45.89515467164936,99.19479954162651,10,2,3
Northern Europe,1300,60.77903450138767,41.57422819017053,88.26562740508271,8,0,3
Northern Europe,1400,33.36988492946043,23.394375058454788,47.32910297517268,3,1,0
Northern Europe,1500,852.9733290831286,606.1741798370344,1196.1155010656,60,7,3
Northern Europe,1600,7631.122907742318,5485.249582751213,10595.643853212705,406,12,16
Northern Europe,1700,14503.994964777272,10395.96092216888,20193.201603710717,857,21,81
Sahel,0,2.34714241513557,0.12584465215023272,23.38562284640499,1,0,0
Sahel,1200,2.4838226034604243,0.14694270070117313,23.419156439457893,1,0,0
Sahel,1300,8.064093894814954,0.493133724383667,75.2759143911959,2,1,0
Sahel,1400,0.0,0.0,0.0,0,0,3
Sahel,1500,13.150315943526701,0.9578041473353256,117.76699732302632,3,0,0
South China,-500,33.83501839976115,8.013102681992342,128.7927188307704,6,0,1
South China,-400,23.87363769871252,7.479401614313013,71.79426108722363,3,1,1
South China,-300,17.505270981927858,6.819957134748696,43.21960831009298,0,2,2
South China,400,0.0,0.0,0.0,0,0,1
South China,500,2.310664221427242,1.016710757242447,4.94057302288224,1,0,4
South China,1000,4.600090573012711,2.437393249659128,8.451917588398928,1,0,0
South China,1100,175.5705096147884,98.8869052516681,304.7840656727988,33,8,11
South China,1200,611.3550304826564,348.2188862150684,1051.5618465106063,123,6,22
South China,1300,10.592985363398693,6.029186283207001,18.25239531928048,2,0,2
Southeastern Europe,-400,27.036294914660083,5.882414956086067,109.50516144802893,5,0,1
Southeastern Europe,-300,186.97643450385394,47.425495403746396,670.3107539251322,25,2,6
Southeastern Europe,900,14.690078758251992,3.353492378526538,57.76822974319029,1,1,0
Southeastern Europe,1000,0.0,0.0,0.0,0,0,1
Southeastern Europe,1200,0.0,0.0,0.0,0,0,2
Southeastern Europe,1300,1.8099622417189616,0.3273973047109651,7.725676117703207,1,0,0
Southeastern Europe,1400,9.06508168535303,1.8867878954491464,36.57881823775418,3,0,0
Southeastern Europe,1500,7.508551305654121,1.7654020601986449,28.822563111194697,1,0,0
Southern Europe,-500,21.352417893933612,2.458258107122883,146.13316594214007,3,0,0
Southern Europe,-300,32.58911234478646,14.35780794121603,71.44127224995401,5,0,0
Southern Europe,-200,290.7192394148845,142.80383330604718,580.4917932269283,33,2,7
Southern Europe,-100,624.7421984824375,354.6291887398217,1082.4926161022756,97,6,18
Southern Europe,0,182.02268858609185,101.99044070947551,317.50885824541785,40,3,26
Southern Europe,100,242.6373044266465,148.4352090947343,389.893608203983,66,7,30
Southern Europe,200,164.0321777728766,102.34318439074522,258.1266929640246,51,7,17
Southern Europe,300,61.089368780302536,36.52238563149883,99.69718382309769,24,4,7
Southern Europe,400,30.65881374308525,18.54033410427261,49.48642791468037,13,2,14
Southern Europe,500,13.375665632695982,7.793831017225189,22.332917349357185,5,1,10
Southern Europe,600,12.532263284635786,8.139727294007423,19.05577335201677,2,1,4
Southern Europe,800,108.53910723037231,76.37133166467079,153.37744843477475,14,1,1
Southern Europe,900,90.99474309862325,66.27603500355322,124.20632438870955,15,2,3
Southern Europe,1000,216.07263640770935,156.96433831231613,295.35882756409484,46,3,11
Southern Europe,1100,169.09005538890165,127.08088222761651,223.9656136923236,33,6,5
Southern Europe,1200,371.68133321954065,284.45542837915093,483.7601591018785,68,5,18
Southern Europe,1300,787.0269699374265,619.7993422389503,996.6215047479367,134,9,33
Southern Europe,1400,2138.5764971674594,1765.889439967423,2587.7210834854654,297,14,93
Southern Europe,1500,15954.237247542535,13339.87483259137,19096.734852181293,1457,75,183
Southern Europe,1600,35585.921908712844,29573.371756646047,42880.85482306314,2283,82,199
Southern Europe,1700,28301.537817882512,22983.311966551664,34872.2254551329,1855,90,174
Southern India,200,1.2600068120377228,0.4159661921739503,3.3659512571772456,1,0,0
Southern India,500,1.306700530544276,0.43176681019874064,3.4908763346368494,1,0,2
Southern India,600,5.717184491776842,2.074982692861327,14.307410336662489,3,0,0
Southern India,700,3.7789953237197693,1.4800793651558641,9.051191933855822,1,0,1
Southern India,800,10.305061467100977,4.1248037013758125,24.1512604373652,3,0,2
Southern India,900,8.876130246747291,3.543239989237742,20.76418267047329,3,0,2
Southern India,1000,8.506289828480961,3.27927447579654,20.299411156475312,3,1,0
Southern India,1100,7.698287396515303,2.9853346536169525,18.2332949671779,2,2,0
Southern India,1200,1.9756527288679782,0.7728389866076895,4.64841733709654,1,0,2
Southern India,1300,14.844591493773294,5.946905979853739,34.440678786549164,5,1,1
Southern India,1400,15.730431854262008,6.513451138588248,35.713633876951526,5,0,0
Southern India,1500,43.59313563971097,18.598659726789734,97.29040188197423,8,2,4
Southern India,1600,101.6259680865765,44.44005658419174,223.98508659157318,15,1,1
Southern India,1700,99.4296457370804,43.12313121379874,221.1360692737409,14,1,1
Turkestan,900,100.60079754461226,48.39690684315521,202.00716280145258,20,1,5
Turkestan,1000,33.231417621501286,15.81684678753784,67.17662367004357,7,1,3
Turkestan,1100,10.79948124531045,5.194700513390852,21.56333639741138,3,0,0
Turkestan,1200,76.92839575626822,37.27196045563518,152.80891097367916,17,3,1
Turkestan,1300,31.901207006612573,15.625028784484506,62.96034359917405,7,0,2
Turkestan,1400,202.74265893318986,101.21001408585413,394.90432913455794,33,3,5
Turkestan,1500,165.42437492941835,83.1441844099349,321.1330255254636,22,3,4
Turkestan,1600,43.8366625583537,22.412077718126874,84.33556109539782,4,0,0
Turkestan,1700,160.88148009051326,81.72238637997117,311.63792540272794,14,0,0
Western Europe,400,2.9829934635753457,1.7615590214121433,4.904727546923482,1,1,2
Western Europe,500,10.349248581596434,6.120782059210951,17.05312703217766,2,3,2
Western Europe,600,36.00561960242247,23.712361519640883,54.06440249385012,8,0,3
Western Europe,700,15.13007296814293,10.125058830029904,22.382118517524642,3,0,2
Western Europe,800,189.29228449403064,130.5287740106025,272.42806001606016,28,5,13
Western Europe,900,58.37756192891612,42.0303645885546,80.54323772493139,11,1,4
Western Europe,1000,32.86524915608779,23.650054814636587,45.36749170854651,8,3,8
Western Europe,1100,346.98519857812954,263.728880057317,454.2504003417121,85,13,49
Western Europe,1200,867.0817227228885,662.5629190453418,1130.2075929946843,185,15,63
Western Europe,1300,786.7636169730787,615.0857565141602,1003.7240153514358,158,16,47
Western Europe,1400,1155.6942409103278,924.649588210452,1442.7369509827083,175,22,83
Western Europe,1500,5849.841192395147,4837.371405525638,7077.849881980729,682,45,128
Western Europe,1600,24251.349172444683,20520.23264023753,28705.987428338936,2203,90,288
Western Europe,1700,35383.83223335118,29566.99360260948,42426.102882784464,3492,211,502
